{"version":"1.5","timestamp":1586501324,"count":12,"index":{"":{"key":"","storage_key":"","template":null,"storage_timestamp":1586209451,"children":{"01.home":1586207065,"02.podcast":1586027379},"checksum":"b8da84776e5d9d8a3694d39f3a4cd89c"},"01.home":{"key":"home","storage_key":"01.home","template":"default","storage_timestamp":1586501197,"markdown":{"":{"default":1586501149}},"children":{"01._artists":1586501197,"02._guests":1586501197,"03.search":1586501197},"checksum":"dd3c9f89d4839bdd63046b45bb1b52ec"},"01.home\/01._artists":{"key":"home\/_artists","storage_key":"01.home\/01._artists","template":"artists","storage_timestamp":1586501197,"markdown":{"":{"artists":1586501149}},"checksum":"6222bd2215ba3a52a79e5021d473df8e"},"01.home\/02._guests":{"key":"home\/_guests","storage_key":"01.home\/02._guests","template":"guests","storage_timestamp":1586501322,"markdown":{"":{"guests":1586501322,"home-modules":1586473303}},"checksum":"0aa32d98d0f3ae9ba33d20b6e5bde6ad"},"01.home\/03.search":{"key":"home\/search","storage_key":"01.home\/03.search","template":"default","storage_timestamp":1586501197,"markdown":{"":{"default":1586473502}},"checksum":"8857312fd1fdfe128ccdfb0a53056f38"},"02.podcast":{"key":"podcast","storage_key":"02.podcast","template":"page","storage_timestamp":1586215679,"markdown":{"":{"page":1586027379}},"children":{"holy-smokes-a-series":1586215623,"wow-another-series":1586215635},"checksum":"4bd9ea951ac0fef14f333dbdff6db2d4"},"02.podcast\/holy-smokes-a-series":{"key":"podcast\/holy-smokes-a-series","storage_key":"02.podcast\/holy-smokes-a-series","template":"series","storage_timestamp":1586475592,"markdown":{"":{"series":1586475592}},"children":{"episode-1":1586215309,"episode-2":1586215619},"checksum":"5f47ef7219e95729984a08fabdfb4ff1"},"02.podcast\/holy-smokes-a-series\/episode-1":{"key":"podcast\/holy-smokes-a-series\/episode-1","storage_key":"02.podcast\/holy-smokes-a-series\/episode-1","template":"episode","storage_timestamp":1586500524,"markdown":{"":{"episode":1586500524}},"checksum":"4cb6f2b8e6b5c615f0cd0317f3ced72c"},"02.podcast\/holy-smokes-a-series\/episode-2":{"key":"podcast\/holy-smokes-a-series\/episode-2","storage_key":"02.podcast\/holy-smokes-a-series\/episode-2","template":"episode","storage_timestamp":1586500542,"markdown":{"":{"episode":1586500541}},"checksum":"07ae35f2e69ce6b41e251dfce5b1b87d"},"02.podcast\/wow-another-series":{"key":"podcast\/wow-another-series","storage_key":"02.podcast\/wow-another-series","template":"series","storage_timestamp":1586216138,"markdown":{"":{"series":1586216138}},"children":{"episode-1":1586215635,"episode-2":1586215635},"checksum":"19a6e00d772b12636ba803a9974f6feb"},"02.podcast\/wow-another-series\/episode-1":{"key":"podcast\/wow-another-series\/episode-1","storage_key":"02.podcast\/wow-another-series\/episode-1","template":"episode","storage_timestamp":1586500597,"markdown":{"":{"episode":1586500597}},"checksum":"a14c5f3a4b9a75b239b9a1daf2d4d365"},"02.podcast\/wow-another-series\/episode-2":{"key":"podcast\/wow-another-series\/episode-2","storage_key":"02.podcast\/wow-another-series\/episode-2","template":"episode","storage_timestamp":1586500609,"markdown":{"":{"episode":1586500609}},"checksum":"1a49feedce8e6244a4a784ac2fe2aebe"}}}