{"version":"1.5","timestamp":1586649076,"count":22,"index":{"":{"key":"","storage_key":"","template":null,"storage_timestamp":1586641085,"children":{"01.home":1586501197,"02.podcast":1586215679},"checksum":"f280e551923c50c1eb489ba573cd3a87"},"01.home":{"key":"home","storage_key":"01.home","template":"default","storage_timestamp":1586642691,"markdown":{"":{"default":1586501149}},"children":{"01._artists":1586642414,"02._guests":1586642446,"03.search":1586501197},"checksum":"2096af2c847656dd5a79754ccbd1525b"},"01.home\/01._artists":{"key":"home\/_artists","storage_key":"01.home\/01._artists","template":"artists","storage_timestamp":1586642414,"markdown":{"":{"artists":1586501149}},"children":{"_celery":1586642345,"_celery1":1586642378,"_celery2":1586642379,"_celery3":1586642379,"_celery4":1586642406,"_celery5":1586642410},"checksum":"c96b74ad54b7f3cdae4e0774cee5c054"},"01.home\/01._artists\/_celery":{"key":"home\/_artists\/_celery","storage_key":"01.home\/01._artists\/_celery","template":"artist","storage_timestamp":1586642345,"markdown":{"":{"artist":1586642345}},"checksum":"628ef6505e4733a55a3a0048fac7fc0c"},"01.home\/01._artists\/_celery1":{"key":"home\/_artists\/_celery1","storage_key":"01.home\/01._artists\/_celery1","template":"artist","storage_timestamp":1586642378,"markdown":{"":{"artist":1586642345}},"checksum":"1d6c923cfb85697836526ecfd6dfc69d"},"01.home\/01._artists\/_celery2":{"key":"home\/_artists\/_celery2","storage_key":"01.home\/01._artists\/_celery2","template":"artist","storage_timestamp":1586642379,"markdown":{"":{"artist":1586642345}},"checksum":"5f4114b0ffcd1b88adf09eefd9d4ccc0"},"01.home\/01._artists\/_celery3":{"key":"home\/_artists\/_celery3","storage_key":"01.home\/01._artists\/_celery3","template":"artist","storage_timestamp":1586642379,"markdown":{"":{"artist":1586642345}},"checksum":"4eba19395f0fa4bb02d3b2610dd0636a"},"01.home\/01._artists\/_celery4":{"key":"home\/_artists\/_celery4","storage_key":"01.home\/01._artists\/_celery4","template":"artist","storage_timestamp":1586642406,"markdown":{"":{"artist":1586642345}},"checksum":"098dafb214edd9147913338cc3bab7cf"},"01.home\/01._artists\/_celery5":{"key":"home\/_artists\/_celery5","storage_key":"01.home\/01._artists\/_celery5","template":"artist","storage_timestamp":1586642410,"markdown":{"":{"artist":1586642345}},"checksum":"a99e4d40e2f8e6cc1ec50ef80295a391"},"01.home\/02._guests":{"key":"home\/_guests","storage_key":"01.home\/02._guests","template":"guests","storage_timestamp":1586642446,"markdown":{"":{"guests":1586590100,"home-modules":1586473303}},"children":{"_harper":1586641022,"_harper1":1586641662,"_harper2":1586641662,"_harper3":1586642443},"checksum":"005442474f2792250084ce4252ebbfe9"},"01.home\/02._guests\/_harper":{"key":"home\/_guests\/_harper","storage_key":"01.home\/02._guests\/_harper","template":"guest","storage_timestamp":1586641022,"markdown":{"":{"guest":1586640931}},"checksum":"74d5a7c68710068aa541272f280d10df"},"01.home\/02._guests\/_harper1":{"key":"home\/_guests\/_harper1","storage_key":"01.home\/02._guests\/_harper1","template":"guest","storage_timestamp":1586641662,"markdown":{"":{"guest":1586640931}},"checksum":"b93f3511cd8698102fa11f2412de7728"},"01.home\/02._guests\/_harper2":{"key":"home\/_guests\/_harper2","storage_key":"01.home\/02._guests\/_harper2","template":"guest","storage_timestamp":1586641662,"markdown":{"":{"guest":1586640931}},"checksum":"e59fdfbb6ab9defcde5aa7c078803772"},"01.home\/02._guests\/_harper3":{"key":"home\/_guests\/_harper3","storage_key":"01.home\/02._guests\/_harper3","template":"guest","storage_timestamp":1586642443,"markdown":{"":{"guest":1586640931}},"checksum":"1182266c226eaadb6427246bdb2e3516"},"01.home\/03.search":{"key":"home\/search","storage_key":"01.home\/03.search","template":"default","storage_timestamp":1586501197,"markdown":{"":{"default":1586473502}},"checksum":"8857312fd1fdfe128ccdfb0a53056f38"},"02.podcast":{"key":"podcast","storage_key":"02.podcast","template":"page","storage_timestamp":1586648935,"markdown":{"":{"page":1586027379}},"children":{"holy-smokes-a-series":1586642721,"wow-another-series":1586642735},"checksum":"feda44c8be40a6c4626cdeccae82022e"},"02.podcast\/holy-smokes-a-series":{"key":"podcast\/holy-smokes-a-series","storage_key":"02.podcast\/holy-smokes-a-series","template":"series","storage_timestamp":1586642721,"markdown":{"":{"series":1586475592}},"children":{"episode-1":1586646565,"episode-2":1586644815},"checksum":"93f8e4ba884622097b46ca3ea66df8fc"},"02.podcast\/holy-smokes-a-series\/episode-1":{"key":"podcast\/holy-smokes-a-series\/episode-1","storage_key":"02.podcast\/holy-smokes-a-series\/episode-1","template":"episode","storage_timestamp":1586649076,"markdown":{"":{"episode":1586649076}},"checksum":"18bff8adc6145e265432d3071eab7e26"},"02.podcast\/holy-smokes-a-series\/episode-2":{"key":"podcast\/holy-smokes-a-series\/episode-2","storage_key":"02.podcast\/holy-smokes-a-series\/episode-2","template":"episode","storage_timestamp":1586649035,"markdown":{"":{"episode":1586649035}},"checksum":"2f2f2aa545fe83269a105b1bf4fda38e"},"02.podcast\/wow-another-series":{"key":"podcast\/wow-another-series","storage_key":"02.podcast\/wow-another-series","template":"series","storage_timestamp":1586642735,"markdown":{"":{"series":1586216138}},"children":{"episode-1":1586647229,"episode-2":1586647318},"checksum":"fc99a605fece2660a01c2fb17027ee9e"},"02.podcast\/wow-another-series\/episode-1":{"key":"podcast\/wow-another-series\/episode-1","storage_key":"02.podcast\/wow-another-series\/episode-1","template":"episode","storage_timestamp":1586648993,"markdown":{"":{"episode":1586648993}},"checksum":"56a628c540db5cc4d9ca6a33759ecb0c"},"02.podcast\/wow-another-series\/episode-2":{"key":"podcast\/wow-another-series\/episode-2","storage_key":"02.podcast\/wow-another-series\/episode-2","template":"episode","storage_timestamp":1586649009,"markdown":{"":{"episode":1586649009}},"checksum":"2e3dcc1b75fb3233f3827ba4cd9f5516"}}}